{"_id":{"$oid":"5a2940f0656ff22bff187a36"},"Lane":"Union City, TN -- Des Moines, IA","TL Loads":889,"# of Carriers":83,"# of Customers":1,"# of CRs":10,"Avg Miles":536.8062992,"Rev/Load":1034.709156,"GM/Load":64.3987739,"Buy Rate":1.805514718,"DAT Buy Rate":2.049058111,"Sell Rate":1.931404737,"DAT Sell Rate":2.410648931}
{"_id":{"$oid":"5a2940f0656ff22bff187a37"},"Lane":"Allentown, PA -- Wallingford, CT","TL Loads":791,"# of Carriers":43,"# of Customers":1,"# of CRs":21,"Avg Miles":185.5165613,"Rev/Load":896.0315803,"GM/Load":174.0467509,"Buy Rate":4.303388919,"DAT Buy Rate":4.531414739,"Sell Rate":5.150026896,"DAT Sell Rate":5.331091985}
{"_id":{"$oid":"5a2940f0656ff22bff187a38"},"Lane":"Mcallen, TX -- Dallas, TX","TL Loads":544,"# of Carriers":143,"# of Customers":3,"# of CRs":27,"Avg Miles":519.1113971,"Rev/Load":745.9718382,"GM/Load":-22.30461397,"Buy Rate":1.512420998,"DAT Buy Rate":2.043721928,"Sell Rate":1.42237487,"DAT Sell Rate":2.404371953}
{"_id":{"$oid":"5a2940f0656ff22bff187a39"},"Lane":"Dallas, TX -- Jacksonville, FL","TL Loads":359,"# of Carriers":90,"# of Customers":6,"# of CRs":36,"Avg Miles":1001.122284,"Rev/Load":1685.091114,"GM/Load":66.33777159,"Buy Rate":2.007696169,"DAT Buy Rate":2.000389956,"Sell Rate":2.056847402,"DAT Sell Rate":2.353396996}
{"_id":{"$oid":"5a2940f0656ff22bff187a3a"},"Lane":"Plainfield, IN -- Shakopee, MN","TL Loads":320,"# of Carriers":67,"# of Customers":1,"# of CRs":26,"Avg Miles":609.6721875,"Rev/Load":1168.147031,"GM/Load":-121.0337188,"Buy Rate":1.804165983,"DAT Buy Rate":2.108167951,"Sell Rate":1.87000164,"DAT Sell Rate":2.480203379}
{"_id":{"$oid":"5a2940f0656ff22bff187a3b"},"Lane":"Charlotte, NC -- Hialeah, FL","TL Loads":294,"# of Carriers":1,"# of Customers":2,"# of CRs":3,"Avg Miles":745.1156463,"Rev/Load":1863.15415,"GM/Load":123.0579592,"Buy Rate":2.332990654,"DAT Buy Rate":2.321610738,"Sell Rate":2.496295553,"DAT Sell Rate":2.731302013}
{"_id":{"$oid":"5a2940f0656ff22bff187a3c"},"Lane":"Tracy, CA -- Kent, WA","TL Loads":234,"# of Carriers":22,"# of Customers":3,"# of CRs":15,"Avg Miles":806.7876068,"Rev/Load":3200.210641,"GM/Load":619.4404274,"Buy Rate":2.154265197,"DAT Buy Rate":2.86751269,"Sell Rate":2.692831497,"DAT Sell Rate":3.373542157}
{"_id":{"$oid":"5a2940f0656ff22bff187a3d"},"Lane":"Dallas, TX -- Austin, TX","TL Loads":227,"# of Carriers":13,"# of Customers":6,"# of CRs":13,"Avg Miles":201.3581498,"Rev/Load":577.1700441,"GM/Load":53.84185022,"Buy Rate":2.569163912,"DAT Buy Rate":2.644028033,"Sell Rate":2.759118313,"DAT Sell Rate":3.110629514}
{"_id":{"$oid":"5a2940f0656ff22bff187a3e"},"Lane":"Aurora, IL -- Greencastle, PA","TL Loads":214,"# of Carriers":2,"# of Customers":1,"# of CRs":2,"Avg Miles":646,"Rev/Load":1695.387757,"GM/Load":32.99654206,"Buy Rate":2.573038863,"DAT Buy Rate":2.684891641,"Sell Rate":2.623975155,"DAT Sell Rate":3.15869969}
{"_id":{"$oid":"5a2940f0656ff22bff187a3f"},"Lane":"Charlotte, NC -- Dallas, TX","TL Loads":44,"# of Carriers":23,"# of Customers":2,"# of CRs":15,"Avg Miles":1024.704545,"Rev/Load":1391.864091,"GM/Load":-159.1588636,"Buy Rate":0.865884164,"DAT Buy Rate":1.67634212,"Sell Rate":1.382528382,"DAT Sell Rate":1.972166635}
{"_id":{"$oid":"5a2940f0656ff22bff187a40"},"Lane":"Chicago, IL -- Charlotte, NC","TL Loads":10,"# of Carriers":11,"# of Customers":6,"# of CRs":10,"Avg Miles":757.4181818,"Rev/Load":2328.595455,"GM/Load":256.1927273,"Buy Rate":3.335488041,"DAT Buy Rate":2.465874811,"Sell Rate":3.488835919,"DAT Sell Rate":2.901028873}
{"_id":{"$oid":"5a2940f0656ff22bff187a41"},"Lane":"Hazleton, PA -- Fort Worth, TX","TL Loads":456,"# of Carriers":57,"# of Customers":1,"# of CRs":19,"Avg Miles":1496.244298,"Rev/Load":2004.250592,"GM/Load":-68.31524123,"Buy Rate":1.639673404,"DAT Buy Rate":1.315406237,"Sell Rate":1.709998661,"DAT Sell Rate":1.547537144}
{"_id":{"$oid":"5a2940f0656ff22bff187a42"},"Lane":"Edwardsville, IL -- Atlanta, GA","TL Loads":181,"# of Carriers":44,"# of Customers":2,"# of CRs":25,"Avg Miles":564.1690608,"Rev/Load":2043.795967,"GM/Load":258.871105,"Buy Rate":3.087839052,"DAT Buy Rate":2.197233699,"Sell Rate":3.19274295,"DAT Sell Rate":2.584982935}
{"_id":{"$oid":"5a2940f0656ff22bff187a43"},"Lane":"Las Vegas, NV -- Aurora, CO","TL Loads":143,"# of Carriers":12,"# of Customers":2,"# of CRs":11,"Avg Miles":752.9622378,"Rev/Load":3351.535035,"GM/Load":921.8396503,"Buy Rate":1.33761e-05,"DAT Buy Rate":2.318793472,"Sell Rate":1.33761e-05,"DAT Sell Rate":2.727996255}
